,DDEC,EQeq,Qeq
0,1.674487,1.08100,1.12472
1,1.674481,1.08100,1.12472
